198;2009/04/initial_release.jpg
259;2011/07/moon.jpg
200;2009/07/release_0.2.jpg
970;2012/01/img_0001_30.jpg
202;2009/08/mailinglist.jpg
870;2011/11/img_0001_22.jpg
941;2011/11/img_0001_23.jpg
205;2009/10/clouds.jpg
207;2009/10/crowrock.jpg
209;2010/01/rock1.jpg
211;2010/03/redice.jpg
213;2010/06/grass.jpg
215;2010/06/chart.jpg
217;2010/08/watt.jpg
219;2010/10/see.jpg
221;2010/11/lagocoffee.jpg
223;2010/12/rocks.jpg
225;2011/02/donau.jpg
227;2011/06/bay.jpg
229;2011/07/sun2.jpg
231;2011/07/leaves.jpg
261;2011/08/foehr.jpg
600;2009/04/initial_release.jpg
321;2011/09/windoos.jpg
791;2011/10/20110112_0009_small.jpg
806;2011/10/mushrooms_small.jpg
774;2011/10/cache.jpg
996;2012/01/img_0001_29.jpg
1017;2012/01/colorhug1.jpg
985;2012/02/00-output.jpg
1098;2012/02/tc2-thumbnail.sm_.jpg
1131;2012/02/lp-thumb.jpg
1175;2012/02/sh-thumb.sm_.jpg
1202;2012/02/string_freeze.jpg
1230;2012/03/fibonacci.jpg
1279;2012/03/ocl-menu-thumb.jpeg
1306;2012/03/img_0001_28.jpg
1318;2012/03/IMG_1474_thumb.sm_.jpg
1361;2012/03/IMG_5561_export_01.jpg
1396;2012/03/4.jpg
1366;2012/03/2012-03-11-170059_1920x1080_scrot.jpg
1425;2012/03/skull-thumb.jpeg
2356;2012/11/lotus.jpg
1459;2012/04/highway.jpg
1486;2012/04/tiny.jpg
1475;2012/05/supermoon-ss.jpg
1683;2012/05/Bildschirmphoto116.png
1527;2012/05/dt-interpolation-results-testchart.png
1779;2012/06/IMG_6030_export.jpg
1707;2012/05/IMG_5841_export_01.jpg
1777;2012/06/Bildschirmfoto-vom-2012-06-02-182519.png
1794;2012/06/20110428_IMG_3966_export.jpg
1813;2012/07/SAM_1890.jpg
1837;2012/07/dtcli_thumb.jpg
1828;2012/07/highlights.jpg
1862;2012/07/IMG_4287x_0004.jpg
460;2011/03/gimp.png
1890;2012/07/ladybugs.jpg
1918;2012/08/dtonosx.png
1959;2012/08/spider.jpg
1908;2012/08/pink.jpg
2154;2012/09/IMG_6375_export.jpg
2162;2012/09/IMG_6337_export.jpg
2193;2012/10/img_0001.jpg
2279;2012/10/IMG_5206_export.jpg
2328;2012/11/cloud.jpg
2378;2012/11/panda.jpg
2368;2012/12/denoise_teaser.jpg
2590;2012/12/threerocks.jpg
2300;2012/10/camera.jpg
2671;2013/01/flamingos.png
2692;2013/02/2-lr-develop.jpg
2737;2013/02/give_me_your_money.jpg
2743;2013/02/img_0012.jpg
2752;2013/02/mi_screen_gnd.jpg
2736;2013/02/Bildschirmfoto-vom-2013-02-17-232553.png
2783;2013/03/IMG_8143_export.jpg
2803;2013/03/img_0001_27.jpg
2827;2013/03/pohutekawa.jpg
2839;2013/04/rimutaka.jpg
2853;2013/04/cm_featured.jpg
2884;2013/04/example_end.jpg
2908;2013/05/lego_doctor.jpg
2930;2013/05/IMG_5490_export2.jpg
2955;2013/06/3.jpg
2984;2013/07/lens.jpg
3014;2013/09/ginko_01.jpg
3036;2013/09/img_0057.jpg
3065;2013/10/basecurve-0.png
3097;2013/11/penguin.jpg
3133;2013/12/oasis.png
3141;2013/12/featured_image.jpg
3181;2013/12/dt.png
3205;2014/01/IMG_55722.jpg
3232;2014/02/mark.jpg
3250;2014/02/paua.jpg.jpg
3278;2014/04/dt_shirt_text.jpg
3334;2014/07/xtrans_21.png
3415;2014/11/20121118-Chile-IMG-7388medium_large.1409694179.jpg
3421;2014/11/20110428_london_20110428_IMG_3966_01_small.jpg
3445;2014/04/dt_shirt_text.jpg
3473;2015/01/lmaskdtyellow.png
3507;2015/01/dt-print-settingsv2.jpg
3530;2015/02/fireworks.jpg
3534;2015/02/waterwheel.jpg
3543;2015/02/lens.jpg
3570;2011/07/speicherstadt.jpg
3590;2015/03/colorreconstruction_icon.jpg
3630;2015/03/hipsters_in_the_streets.jpg
3644;2015/04/thumb.jpg
3659;2015/04/wheat.jpg
3697;2015/06/town_hall.jpg
3717;2015/07/windows.jpg
3745;2015/07/dt-2.jpg
3810;2015/10/flower.jpg
3820;2015/10/dt-3.jpg
3835;2015/11/nut.jpg
3864;2015/11/lumber.jpg
3855;2015/11/cannobio2.jpg
3883;2015/11/autumn_path.jpg
3903;2015/12/img_0001.jpg
3912;2015/12/Christmas_Moon.jpg
3945;2016/02/race_cars.jpg
3967;2016/03/honda.jpg
3986;2016/03/ashift_0.jpg
4021;2016/03/lake.jpg
4030;2016/04/coin.jpg
4038;2016/04/liquify-1.png
4059;2016/05/mairi.jpg
4064;2016/05/teaser.jpg
4155;2016/07/landscape.jpg
4181;2016/08/img_0001_03.jpg
4226;2016/09/spider.jpg
4239;2016/10/rawprepare-lenscorrection-glitchart.jpeg
4587;2016/10/river.jpg
4598;2016/11/castle.jpg
4610;2016/11/castle2.jpg
4616;2016/11/castle3.jpg
4625;2016/12/castle4.jpg
4634;2016/12/castle5.jpg
4648;2016/12/bee_small.jpg
4664;2017/01/owehar.png
4727;2017/01/pygmy_chameleon.jpg
4694;2017/01/snowice.jpg
4732;2017/02/turtle_small.jpeg
4757;2017/04/thistels.jpg
4777;2017/06/train_station.jpg
